﻿<?xml version="1.0" encoding="utf-8"?>
<Package xmlns="http://schemas.microsoft.com/appx/2010/manifest" xmlns:m2="http://schemas.microsoft.com/appx/2013/manifest" xmlns:m3="http://schemas.microsoft.com/appx/2014/manifest" xmlns:mp="http://schemas.microsoft.com/appx/2014/phone/manifest" xmlns:build="http://schemas.microsoft.com/developer/appx/2012/build" IgnorableNamespaces="build">
  <!--
    THIS PACKAGE MANIFEST FILE IS GENERATED BY THE BUILD PROCESS.

    Changes to this file will be lost when it is regenerated. To correct errors in this file, edit the source .appxmanifest file.

    For more information on package manifest files, see http://go.microsoft.com/fwlink/?LinkID=241727
  -->
  <Identity Name="19f3d769-32fb-4fe7-8727-298191f8d4ea" Publisher="CN=Ido" Version="1.0.0.0" ProcessorArchitecture="neutral" />
  <mp:PhoneIdentity PhoneProductId="9ed54d2b-dc7e-4756-826b-1eb3b6346f03" PhonePublisherId="61add4cd-afd0-42cd-9f8f-d7ab685c8cf0" />
  <Properties>
    <DisplayName>MilbatProject</DisplayName>
    <PublisherDisplayName>Ido</PublisherDisplayName>
    <Logo>Assets\StoreLogo.png</Logo>
  </Properties>
  <Prerequisites>
    <OSMinVersion>6.3.1</OSMinVersion>
    <OSMaxVersionTested>6.3.1</OSMaxVersionTested>
  </Prerequisites>
  <Resources>
    <Resource Language="EN-US" />
  </Resources>
  <Applications>
    <Application Id="App" Executable="AGHost.exe" EntryPoint="MainPage.xaml">
      <m3:VisualElements DisplayName="MilbatProject" Square150x150Logo="Assets\SquareTile150x150.png" Square44x44Logo="Assets\Logo.png" Description="MilbatProject" ForegroundText="light" BackgroundColor="#464646">
        <m3:DefaultTile Square71x71Logo="Assets\SquareTile71x71.png" />
        <m3:SplashScreen Image="Assets\SplashScreen.png" />
        <m3:ApplicationView MinWidth="width320" />
        <!--Used in XAML Designer. DO NOT REMOVE-->
      </m3:VisualElements>
      <Extensions>
        <Extension Category="windows.backgroundTasks" EntryPoint="AgHost.BackgroundTask">
          <BackgroundTasks>
            <Task Type="systemEvent" />
          </BackgroundTasks>
        </Extension>
      </Extensions>
    </Application>
  </Applications>
  <Capabilities></Capabilities>
  <Extensions>
    <Extension Category="windows.activatableClass.inProcessServer">
      <InProcessServer>
        <Path>AgHostSvcs.dll</Path>
        <ActivatableClass ActivatableClassId="AgHost.BackgroundTask" ThreadingModel="both" />
      </InProcessServer>
    </Extension>
  </Extensions>
  <build:Metadata>
    <build:Item Name="TargetFrameworkMoniker" Value="WindowsPhone,Version=v8.1" />
    <build:Item Name="VisualStudio" Version="12.0" />
    <build:Item Name="VisualStudioEdition" Value="Microsoft Visual Studio Express 2013 for Windows" />
    <build:Item Name="OperatingSystem" Version="6.3.9600.16384 (winblue_rtm.130821-1623)" />
    <build:Item Name="Microsoft.Build.AppxPackage.dll" Version="12.0.30324.0" />
    <build:Item Name="MakePri.exe" Version="6.3.9600.17029 (winblue_gdr.140219-1702)" />
  </build:Metadata>
</Package>